family,n_members,mean_intra_dist,std_intra_dist,mean_inter_dist,std_inter_dist,cohesion_ratio
slavic,2,0.078302,0.000000,0.529521,0.089081,6.762548
romance,5,0.117597,0.065171,0.303783,0.184158,2.583252
italo_romance,6,0.174191,0.067942,0.318721,0.204696,1.829718
english,1,,,0.376376,0.126269,
germanic,1,,,0.500576,0.088139,
italian,1,,,0.255488,0.197273,
uralic,1,,,0.692194,0.067348,
