dialect_code,dialect_name,ita,es,fr,ca,de,el,ar,sl,en
nap,Neapolitan,0.6757144927978516,0.6850636005401611,0.6940230131149292,0.742574155330658,0.6789027452468872,0.6685589551925659,0.6851035356521606,0.7107846736907959,0.6602755188941956
scn,Sicilian,0.8687669038772583,0.8732928037643433,0.8749579787254333,0.9135305881500244,0.8587430715560913,0.7485491037368774,0.8428188562393188,0.8894909620285034,0.8576443195343018
vec,Venetian,0.9203588962554932,0.9161401391029358,0.9173365831375122,0.944166898727417,0.8977794051170349,0.7628519535064697,0.8669955730438232,0.9156180620193481,0.8986793756484985
lmo,Lombard,0.896149754524231,0.8862720727920532,0.8980642557144165,0.9202457666397095,0.8828781843185425,0.740027129650116,0.8299727439880371,0.9015135765075684,0.8808000087738037
sc,Sardinian,0.9016386270523071,0.9022262096405029,0.9064217805862427,0.9187633991241455,0.8785321116447449,0.7558485269546509,0.8482642769813538,0.9003465175628662,0.8878251314163208
