family,n_members,mean_intra_dist,std_intra_dist,mean_inter_dist,std_inter_dist,cohesion_ratio
slavic,2,0.190113,0.000000,0.463346,0.066079,2.437214
north_dialects,4,0.127769,0.026933,0.283910,0.093352,2.222063
iberian_rom,3,0.165632,0.047325,0.319316,0.115811,1.927858
gallo_romance,2,0.216578,0.000000,0.338534,0.133663,1.563107
south_dialects,2,0.275256,0.000000,0.331845,0.092911,1.205588
english,1,,,0.415375,0.047495,
germanic,1,,,0.487565,0.049624,
tuscan,1,,,0.309166,0.120108,
uralic,1,,,0.471208,0.060517,
