family,n_members,mean_intra_dist,std_intra_dist,mean_inter_dist,std_inter_dist,cohesion_ratio
slavic,2,0.190113,0.000000,0.463346,0.066079,2.437214
romance,5,0.203790,0.080556,0.348641,0.118204,1.710782
italo_romance,6,0.195969,0.061257,0.317020,0.100419,1.617707
english,1,,,0.415375,0.047495,
germanic,1,,,0.487565,0.049624,
italian,1,,,0.309166,0.120108,
uralic,1,,,0.471208,0.060517,
