{
  "baseline": {
    "silhouette_family": 0.34757256507873535,
    "silhouette_romance_vs_rest": 0.29318785667419434,
    "elapsed_s": 29
  },
  "mlm_wiki": {
    "silhouette_family": 0.11318600177764893,
    "silhouette_romance_vs_rest": 0.16349339485168457,
    "elapsed_s": 26
  },
  "tlm_oldi": {
    "silhouette_family": 0.11627025902271271,
    "silhouette_romance_vs_rest": 0.1303178369998932,
    "elapsed_s": 28
  },
  "mlm_then_tlm": {
    "silhouette_family": -0.051530517637729645,
    "silhouette_romance_vs_rest": 0.0452381893992424,
    "elapsed_s": 25
  }
}