dialect_code,dialect_name,ita,es,fr,ca,de,el,ar,sl,en
nap,Neapolitan,0.47784265875816345,0.5284732580184937,0.4889622926712036,0.676095724105835,0.3880448043346405,0.3832338750362396,0.3647666573524475,0.5891686081886292,0.2993437945842743
scn,Sicilian,0.6417065858840942,0.6740372776985168,0.6718997359275818,0.777601957321167,0.5520124435424805,0.40181249380111694,0.5172527432441711,0.7498741149902344,0.47720572352409363
vec,Venetian,0.6781896352767944,0.6986122131347656,0.6919093132019043,0.8451414108276367,0.5991721749305725,0.47619178891181946,0.5969612002372742,0.8065017461776733,0.5045019388198853
lmo,Lombard,0.6822152733802795,0.686406135559082,0.7287460565567017,0.8214914798736572,0.6620724201202393,0.47382229566574097,0.5627583265304565,0.8177538514137268,0.5100846290588379
sc,Sardinian,0.657374382019043,0.7187311053276062,0.7106403112411499,0.7856846451759338,0.5812572240829468,0.40528956055641174,0.5340921878814697,0.7492610812187195,0.4907284379005432
