family,n_members,mean_intra_dist,std_intra_dist,mean_inter_dist,std_inter_dist,cohesion_ratio
romance,3,0.981320,0.236844,1.055266,0.336653,1.075354
italo_romance,6,1.042197,0.191490,1.096027,0.304719,1.051651
english,1,,,1.111509,0.218805,
germanic,1,,,1.141097,0.250811,
italian,1,,,1.062018,0.299861,
slavic,1,,,1.069656,0.128435,
