family,n_members,mean_intra_dist,std_intra_dist,mean_inter_dist,std_inter_dist,cohesion_ratio
slavic,2,0.338106,0.000000,0.834610,0.036052,2.468486
romance,5,0.505939,0.100111,0.743799,0.087971,1.470137
italo_romance,6,0.678298,0.054236,0.750049,0.105626,1.105781
english,1,,,0.798433,0.049487,
germanic,1,,,0.846295,0.034102,
italian,1,,,0.653290,0.109079,
uralic,1,,,0.883785,0.017516,
