family,n_members,mean_intra_dist,std_intra_dist,mean_inter_dist,std_inter_dist,cohesion_ratio
slavic,2,0.184673,0.000000,0.436007,0.058082,2.360975
italo_romance,6,0.182206,0.054204,0.301706,0.086802,1.655856
romance,7,0.225842,0.098247,0.346834,0.104971,1.535734
albanian,1,,,0.429450,0.067837,
english,1,,,0.410739,0.047550,
germanic,1,,,0.477706,0.047793,
italian,1,,,0.307554,0.110377,
uralic,1,,,0.464383,0.059968,
