family,n_members,mean_intra_dist,std_intra_dist,mean_inter_dist,std_inter_dist,cohesion_ratio
romance,3,0.728737,0.039620,1.124191,0.232913,1.542657
italo_romance,6,0.851011,0.131885,1.283118,0.115060,1.507758
english,1,,,1.058825,0.311189,
germanic,1,,,1.070223,0.275646,
italian,1,,,1.051731,0.230586,
slavic,1,,,1.070006,0.143040,
