family,n_members,mean_intra_dist,std_intra_dist,mean_inter_dist,std_inter_dist,cohesion_ratio
italo_romance,6,1.039482,0.187794,1.094882,0.306019,1.053295
romance,3,1.014528,0.211359,1.052286,0.337398,1.037217
english,1,,,1.110655,0.215809,
germanic,1,,,1.142858,0.247749,
italian,1,,,1.069593,0.297068,
slavic,1,,,1.065859,0.131671,
