family,n_members,mean_intra_dist,std_intra_dist,mean_inter_dist,std_inter_dist,cohesion_ratio
slavic,2,0.189129,0.000000,0.466833,0.061208,2.468333
north_dialects,4,0.171381,0.024469,0.322032,0.079549,1.879035
iberian_rom,3,0.203413,0.050066,0.351582,0.095376,1.728413
gallo_romance,2,0.268360,0.000000,0.377301,0.118525,1.405952
south_dialects,2,0.326113,0.000000,0.368394,0.082002,1.129649
english,1,,,0.430271,0.045808,
germanic,1,,,0.488570,0.043577,
tuscan,1,,,0.334583,0.110198,
uralic,1,,,0.487480,0.049649,
