family,n_members,mean_intra_dist,std_intra_dist,mean_inter_dist,std_inter_dist,cohesion_ratio
slavic,2,0.189129,0.000000,0.466833,0.061208,2.468333
romance,5,0.248252,0.082713,0.381294,0.098372,1.535913
italo_romance,6,0.244104,0.064343,0.351260,0.088083,1.438973
english,1,,,0.430271,0.045808,
germanic,1,,,0.488570,0.043577,
italian,1,,,0.334583,0.110198,
uralic,1,,,0.487480,0.049649,
