family,n_members,mean_intra_dist,std_intra_dist,mean_inter_dist,std_inter_dist,cohesion_ratio
slavic,2,0.189401,0.000000,0.468556,0.060335,2.473891
romance,5,0.247047,0.077637,0.383119,0.098773,1.550794
italo_romance,6,0.242446,0.062761,0.352430,0.088346,1.453640
english,1,,,0.430783,0.045961,
germanic,1,,,0.490983,0.043341,
italian,1,,,0.336184,0.110794,
uralic,1,,,0.486837,0.049558,
