dialect_code,dialect_name,italiano,spagnolo,francese,catalano,tedesco,inglese,greco,arabo,sloveno
veneto,Venetian,0.9500240087509155,0.9471682906150818,0.9397566914558411,0.9483128786087036,0.9288598895072937,0.9523754119873047,0.9408314824104309,0.9559367895126343,0.9398703575134277
siciliano,Sicilian,0.9055096507072449,0.900604248046875,0.8913787603378296,0.9060264825820923,0.8756569623947144,0.9438668489456177,0.8932832479476929,0.9215350151062012,0.896784782409668
lombardo,Lombard,0.8499537706375122,0.8469107747077942,0.8310446739196777,0.8454203009605408,0.8152042627334595,0.8927867412567139,0.832854151725769,0.8626766204833984,0.8326736688613892
sardo,Sardinian,0.8693289756774902,0.8678080439567566,0.8502871990203857,0.8608106374740601,0.8361473083496094,0.8889684677124023,0.8519699573516846,0.8769839406013489,0.851016640663147
ligure,Ligurian,0.8972277641296387,0.8943071961402893,0.8775898218154907,0.8903768062591553,0.862238347530365,0.9257136583328247,0.8801602125167847,0.9056367874145508,0.8776189088821411
friulano,Friulian,0.8683506846427917,0.8649468421936035,0.8473815321922302,0.8615625500679016,0.8290071487426758,0.9144416451454163,0.8496872782707214,0.8855658173561096,0.8479006290435791
ladino,Ladin,0.7777731418609619,0.7716883420944214,0.7576253414154053,0.7767108678817749,0.7358689308166504,0.84746253490448,0.761999785900116,0.798037588596344,0.7607889175415039
