dialect_code,dialect_name,italiano,spagnolo,francese,catalano,tedesco,inglese,greco,arabo,sloveno
veneto,Venetian,0.6744480133056641,0.6740345358848572,0.6836469769477844,0.675227701663971,0.6897521615028381,0.6459275484085083,0.6995829343795776,0.6770692467689514,0.6772434711456299
siciliano,Sicilian,0.6578240394592285,0.654376745223999,0.6709251403808594,0.6720533967018127,0.6740869879722595,0.6295493841171265,0.6797832250595093,0.6662545800209045,0.6710879802703857
lombardo,Lombard,0.6400423049926758,0.6342936158180237,0.6524941325187683,0.6505635976791382,0.6554360389709473,0.5999812483787537,0.6622196435928345,0.6431317329406738,0.6491843461990356
sardo,Sardinian,0.6414201855659485,0.6408966779708862,0.6502532958984375,0.6469367742538452,0.6556390523910522,0.6014065742492676,0.6616703271865845,0.6450611352920532,0.6502373218536377
ligure,Ligurian,0.7063763737678528,0.7019146680831909,0.7149088382720947,0.7148975729942322,0.7205013632774353,0.6700159311294556,0.7282639741897583,0.7100125551223755,0.7142066955566406
friulano,Friulian,0.697354793548584,0.6945051550865173,0.7060658931732178,0.7097076773643494,0.7119356393814087,0.6618503332138062,0.7160271406173706,0.700548529624939,0.7074170112609863
ladino,Ladin,0.555051326751709,0.547804057598114,0.5643300414085388,0.561028003692627,0.5750797986984253,0.5157614946365356,0.5803551077842712,0.5600229501724243,0.559964656829834
