family,n_members,mean_intra_dist,std_intra_dist,mean_inter_dist,std_inter_dist,cohesion_ratio
slavic,2,0.315042,0.000000,0.803278,0.038364,2.549751
romance,5,0.459752,0.107810,0.693977,0.102453,1.509459
italo_romance,6,0.590955,0.082092,0.694467,0.121318,1.175160
english,1,,,0.776415,0.050749,
germanic,1,,,0.814715,0.037081,
italian,1,,,0.612158,0.126065,
uralic,1,,,0.824231,0.024809,
