dialect_code,dialect_name,italiano,spagnolo,francese,catalano,tedesco,inglese,greco,arabo,sloveno
veneto,Venetian,0.6744481325149536,0.6740345358848572,0.6836469769477844,0.6752277612686157,0.6897522211074829,0.6459275484085083,0.6995829343795776,0.6770693063735962,0.6772435903549194
siciliano,Sicilian,0.6578240394592285,0.6543768644332886,0.6709251403808594,0.6720534563064575,0.6740869879722595,0.629549503326416,0.6797832250595093,0.6662546396255493,0.6710879802703857
lombardo,Lombard,0.6400423645973206,0.6342936754226685,0.6524941325187683,0.6505635976791382,0.655436098575592,0.5999813079833984,0.6622196435928345,0.6431318521499634,0.6491843461990356
sardo,Sardinian,0.6414202451705933,0.640896737575531,0.6502532958984375,0.6469368934631348,0.6556390523910522,0.6014066934585571,0.6616703271865845,0.645061194896698,0.6502374410629272
ligure,Ligurian,0.7063764929771423,0.7019147872924805,0.7149088978767395,0.7148976922035217,0.7205014228820801,0.6700160503387451,0.7282639741897583,0.7100126147270203,0.7142068147659302
friulano,Friulian,0.6973549127578735,0.6945053339004517,0.7060658931732178,0.7097077369689941,0.7119357585906982,0.6618504524230957,0.7160272002220154,0.700548529624939,0.7074170112609863
ladino,Ladin,0.5550513863563538,0.5478041172027588,0.5643300414085388,0.5610280632972717,0.5750798583030701,0.5157616138458252,0.580355167388916,0.5600230097770691,0.559964656829834
