family,n_members,mean_intra_dist,std_intra_dist,mean_inter_dist,std_inter_dist,cohesion_ratio
romance,3,0.632712,0.123254,1.077860,0.283293,1.703557
italo_romance,6,1.171158,0.271828,1.030222,0.303927,0.879661
english,1,,,1.074076,0.160314,
germanic,1,,,1.089255,0.269691,
italian,1,,,1.022568,0.322943,
slavic,1,,,1.135833,0.281177,
